{"mesio_distal_width": {"start": [-2.9655415520806967, 4.053178787231445, -1.2020830427951852], "end": [4.4181329445392254, 4.053178787231445, -2.6852761121626427]}, "mesial_marginal_ridge_width": {"start": [-5.352499364986653, 4.053178787231445, -0.722603714908332], "end": [-2.9655415520806967, 4.053178787231445, -1.2020830427951852]}, "distal_marginal_ridge_width": {"start": [4.4181329445392254, 4.053178787231445, -2.6852761121626427], "end": [5.37161681238535, 4.053178787231445, -2.8768068554518322]}, "mesial_isthmus_width": {"width": 1.3427985166566727, "start": [-2.4304069993027717, 1.6816688629870231, -1.5662125136925218], "end": [-2.165955440865324, 1.6816688629870231, -0.2497121416548358]}, "distal_isthmus_width": {"width": 1.721153200780847, "start": [1.9918007396211064, 1.6816688629870231, -2.3981072994714854], "end": [2.330765700194169, 1.6816688629870231, -0.7106621607893842]}, "buccal_lingual_width": {"start": [0.35980076902929387, 1.6816688629870231, -2.8796992234357255], "end": [0.9405556809532649, 1.6816688629870231, 0.011431621578631201]}, "cavity_depth": {"start": [1.1298897733325317, 0.6816688629870231, -1.3120715469245066], "end": [1.1298897733325317, 4.261350631713866, -1.3120715469245066]}}