{"mesio_distal_width": {"start": [-4.2316619582450805, 2.8031936049461366, 0.7360956452430716], "end": [4.855497961895325, 2.8031936049461366, -1.399893213431589]}, "mesial_marginal_ridge_width": {"start": [-5.397650321295306, 2.8031936049461366, 1.0101678718470806], "end": [-4.2316619582450805, 2.8031936049461366, 0.7360956452430716]}, "distal_marginal_ridge_width": {"start": [4.855497961895325, 2.8031936049461366, -1.399893213431589], "end": [5.823329994211913, 2.8031936049461366, -1.627387662331388]}, "mesial_isthmus_width": {"width": 1.937100088837489, "start": [-3.426563121134137, 1.5250361658728233, 0.07317027347013638], "end": [-2.9833169955554055, 1.5250361658728233, 1.958876938445803]}, "distal_isthmus_width": {"width": 1.6691799429554786, "start": [1.8948453158414504, 1.5250361658728233, -0.9704747434913394], "end": [2.276786108096927, 1.5250361658728233, 0.6544199956152015]}, "buccal_lingual_width": {"start": [-0.368099953280302, 1.5250361658728233, -1.0159817564728755], "end": [0.2072989106676199, 1.5250361658728233, 1.4319436965682093]}, "cavity_depth": {"start": [-0.1876999594951464, 0.5250361658728233, 0.08517409314527966], "end": [-0.1876999594951464, 2.9749711418151854, 0.08517409314527966]}}