{"mesio_distal_width": {"start": [-3.9457456119781713, 0.6960175424814222, -0.4775589111944435], "end": [3.9952360027492295, 0.6960175424814222, -0.6254737203490253]}, "mesial_marginal_ridge_width": {"start": [-5.106620372051534, 0.6960175424814222, -0.45593556827293785], "end": [-3.9457456119781713, 0.6960175424814222, -0.4775589111944435]}, "distal_marginal_ridge_width": {"start": [3.9952360027492295, 0.6960175424814222, -0.6254737203490253], "end": [5.253578242141476, 0.6960175424814222, -0.6489125672348636]}, "mesial_isthmus_width": {"width": 1.550400517133164, "start": [-1.2784642644701234, 0.02846391543950122, -0.870921534267423], "end": [-1.2495903248482432, 0.02846391543950122, 0.6792100921235406]}, "distal_isthmus_width": {"width": 1.2741743849625404, "start": [2.0871976996591264, 0.02846391543950122, -0.7969244238714377], "end": [2.1109273320041826, 0.02846391543950122, 0.47702897709872194]}, "buccal_lingual_width": {"start": [-0.10482799438744426, 0.02846391543950122, -1.0866585427396642], "end": [-0.06885749343165501, 0.02846391543950122, 0.8444603789900803]}, "cavity_depth": {"start": [0.01385664299181471, -0.9715360845604988, -0.16639562860826565], "end": [0.01385664299181471, 0.8717378818988789, -0.16639562860826565]}}