{"mesio_distal_width": {"start": [-4.212363368364809, 5.68393850326538, -0.7760429312327342], "end": [3.7066182637692044, 5.68393850326538, -1.583750721260267]}, "mesial_marginal_ridge_width": {"start": [-5.490681819296999, 5.68393850326538, -0.6456590234378101], "end": [-4.212363368364809, 5.68393850326538, -0.7760429312327342]}, "distal_marginal_ridge_width": {"start": [3.7066182637692044, 5.68393850326538, -1.583750721260267], "end": [5.180689977396059, 5.68393850326538, -1.734100761387181]}, "mesial_isthmus_width": {"width": 1.213544194105261, "start": [-3.254594808618941, 4.196168829195248, -0.9752425560423845], "end": [-3.131456506476159, 4.196168829195248, 0.23203805325769866]}, "distal_isthmus_width": {"width": 2.028263604040712, "start": [2.3583514743128227, 4.196168829195248, -2.01358753758191], "end": [2.5641593366986823, 4.196168829195248, 0.00420739036700879]}, "buccal_lingual_width": {"start": [-0.31044375714129535, 4.196168829195248, -2.242373354556346], "end": [0.006835263796228036, 4.196168829195248, 0.8683144091212394]}, "cavity_depth": {"start": [-0.47850030923756826, 3.1961688291952477, -0.7181440788868566], "end": [-0.47850030923756826, 5.840302276611328, -0.7181440788868566]}}