{"mesio_distal_width": {"start": [-2.110509158482229, 4.170947623252868, 1.603634090176902], "end": [3.1012571672248868, 4.170947623252868, -2.570098292153288]}, "mesial_marginal_ridge_width": {"start": [-4.504102515262964, 4.170947623252868, 3.5204924984384687], "end": [-2.110509158482229, 4.170947623252868, 1.603634090176902]}, "distal_marginal_ridge_width": {"start": [3.1012571672248868, 4.170947623252868, -2.570098292153288], "end": [3.689322435522705, 4.170947623252868, -3.041037873828659]}, "mesial_isthmus_width": {"width": 1.6055377203360568, "start": [-2.318627388532388, 2.384900946295663, 0.4777768779213809], "end": [-1.3150227535287011, 2.384900946295663, 1.7309844058356605]}, "distal_isthmus_width": {"width": 1.5710386187941099, "start": [0.815457682173097, 2.384900946295663, -1.454342221777509], "end": [1.7974972939621847, 2.384900946295663, -0.22806307630546663]}, "buccal_lingual_width": {"start": [-0.912082586286701, 2.384900946295663, -0.9139733839108092], "end": [1.556974079495505, 2.384900946295663, 2.1691534695177084]}, "cavity_depth": {"start": [0.14329701958203248, 1.3849009462956632, 0.2595078283746479], "end": [0.14329701958203248, 4.356154470443725, 0.2595078283746479]}}