{"mesio_distal_width": {"start": [-4.348211568677723, 2.5659456610679627, 0.7975046294105802], "end": [3.8153150080958804, 2.5659456610679627, -0.22560898144664832]}, "mesial_marginal_ridge_width": {"start": [-4.991246602472206, 2.5659456610679627, 0.8780945422559658], "end": [-4.348211568677723, 2.5659456610679627, 0.7975046294105802]}, "distal_marginal_ridge_width": {"start": [3.8153150080958804, 2.5659456610679627, -0.22560898144664832], "end": [5.5587633443703455, 2.5659456610679627, -0.44411083917855143]}, "mesial_isthmus_width": {"width": 1.9561080512896332, "start": [-3.2809256031637877, 1.098803556651879, 0.06486835249506184], "end": [-3.0376745786864037, 1.098803556651879, 2.0057927836388476]}, "distal_isthmus_width": {"width": 2.1093073673639062, "start": [2.6954810304219223, 1.098803556651879, -0.5199540363266615], "end": [2.9577830938026697, 1.098803556651879, 1.572980553564254]}, "buccal_lingual_width": {"start": [-0.023849746756305648, 1.098803556651879, -0.6157325092305376], "end": [0.2909598066115592, 1.098803556651879, 1.8961646332456754]}, "cavity_depth": {"start": [-0.08841479998451686, 0.09880355665187898, 0.8348396750295168], "end": [-0.08841479998451686, 2.760632801055908, 0.8348396750295168]}}