{"mesio_distal_width": {"start": [-2.6868793619068643, 0.35889189690351475, 0.8042368150181478], "end": [2.287488880345542, 0.35889189690351475, -1.4105346720815275]}, "mesial_marginal_ridge_width": {"start": [-4.476853860793929, 0.35889189690351475, 1.6011992210372725], "end": [-2.6868793619068643, 0.35889189690351475, 0.8042368150181478]}, "distal_marginal_ridge_width": {"start": [2.287488880345542, 0.35889189690351475, -1.4105346720815275], "end": [4.255314402983812, 0.35889189690351475, -2.2866828876693654]}, "mesial_isthmus_width": {"width": 1.0400797679411145, "start": [-1.9856450208828185, -0.48098668456077576, 0.3988894744894803], "end": [-1.5626000824487971, -0.48098668456077576, 1.3490467792268577]}, "distal_isthmus_width": {"width": 1.1155290545619103, "start": [1.3678293189824058, -0.48098668456077576, -1.0852042536991238], "end": [1.8215627101651712, -0.48098668456077576, -0.06612080211256355]}, "buccal_lingual_width": {"start": [-0.35053079471358434, -0.48098668456077576, -0.45384238307135283], "end": [0.2949573410209924, -0.48098668456077576, 0.9959214873104062]}, "cavity_depth": {"start": [-0.10642467956845562, -1.4809866845607758, 0.11403975239667444], "end": [-0.10642467956845562, 0.48729082465171775, 0.11403975239667444]}}