{"mesio_distal_width": {"start": [-3.868238435363959, 5.688081264495849, 1.5463347274670896], "end": [2.415527646655058, 5.688081264495849, -2.0097349723644675]}, "mesial_marginal_ridge_width": {"start": [-5.194947759941421, 5.688081264495849, 2.297137791749524], "end": [-3.868238435363959, 5.688081264495849, 1.5463347274670896]}, "distal_marginal_ridge_width": {"start": [2.415527646655058, 5.688081264495849, -2.0097349723644675], "end": [3.8917056812654054, 5.688081264495849, -2.8451244365674526]}, "mesial_isthmus_width": {"width": 1.531333663793082, "start": [-3.2810138876915738, 5.538798710879157, 1.0495344869322318], "end": [-2.5268067858690766, 5.538798710879157, 2.382258928602922]}, "distal_isthmus_width": {"width": 1.492547538278823, "start": [1.4776023995467409, 5.538798710879157, -1.8238555926318842], "end": [2.212706694445648, 5.538798710879157, -0.5248868364089507]}, "buccal_lingual_width": {"start": [-0.7849025996986266, 5.538798710879157, -0.5697420119488943], "end": [0.25422419460708323, 5.538798710879157, 1.266450823440318]}, "cavity_depth": {"start": [-0.6381997641101637, 4.538798710879157, 0.5225419751271246], "end": [-0.6381997641101637, 5.82742130279541, 0.5225419751271246]}}