{"mesio_distal_width": {"start": [-3.7202370620102405, 3.872172582149505, 1.3204923926887124], "end": [2.790209464769752, 3.872172582149505, -1.8436887123626766]}, "mesial_marginal_ridge_width": {"start": [-5.192758362598351, 3.872172582149505, 2.0361612883537012], "end": [-3.7202370620102405, 3.872172582149505, 1.3204923926887124]}, "distal_marginal_ridge_width": {"start": [2.790209464769752, 3.872172582149505, -1.8436887123626766], "end": [4.36788020457511, 3.872172582149505, -2.6104619166813636]}, "mesial_isthmus_width": {"width": 1.6324338027472187, "start": [-1.7537541732986595, 2.240283009750817, -0.38003943323227535], "end": [-1.0401789882366583, 2.240283009750817, 1.0881739625707583]}, "distal_isthmus_width": {"width": 1.6074292656713127, "start": [1.114625071368752, 2.240283009750817, -1.3675637953593434], "end": [1.8172701855505116, 2.240283009750817, 0.07816048252116503]}, "buccal_lingual_width": {"start": [-1.3134030051459176, 2.240283009750817, -1.2977088877521288], "end": [0.3958715054216406, 2.240283009750817, 2.219201153481874]}, "cavity_depth": {"start": [-0.1260003851137272, 1.2402830097508166, 0.06085571896360424], "end": [-0.1260003851137272, 4.105581703186035, 0.06085571896360424]}}