{"mesio_distal_width": {"start": [-4.755485425221969, 5.5896642208099365, -0.9172339737658575], "end": [3.128728380187939, 5.5896642208099365, 0.0367390488110057]}, "mesial_marginal_ridge_width": {"start": [-6.238423549103382, 5.5896642208099365, -1.0966663178459866], "end": [-4.755485425221969, 5.5896642208099365, -0.9172339737658575]}, "distal_marginal_ridge_width": {"start": [3.128728380187939, 5.5896642208099365, 0.0367390488110057], "end": [4.252556471889915, 5.5896642208099365, 0.17271984638426258]}, "mesial_isthmus_width": {"width": 1.7525152356553848, "start": [-3.5722890984134392, 4.46836461183679, -1.4388652679330698], "end": [-3.782804274452573, 4.46836461183679, 0.30096030144492436]}, "distal_isthmus_width": {"width": 1.6889458348594837, "start": [1.921357620655961, 4.46836461183679, -0.41063651622374103], "end": [1.7184785115262522, 4.46836461183679, 1.2660799476329048]}, "buccal_lingual_width": {"start": [-0.6597084803673964, 4.46836461183679, -1.3800071182398366], "end": [-0.9859692695536524, 4.46836461183679, 1.3164106602398025]}, "cavity_depth": {"start": [-0.5845101997625075, 3.4683646118367903, -0.0769684674095661], "end": [-0.5845101997625075, 5.795295476913452, -0.0769684674095661]}}