{"mesio_distal_width": {"start": [-3.194033604747575, 4.262877750396728, 1.3660043091350729], "end": [3.7397523520685416, 4.262877750396728, -2.1533077678711714]}, "mesial_marginal_ridge_width": {"start": [-4.95681272430752, 4.262877750396728, 2.26072039688267], "end": [-3.194033604747575, 4.262877750396728, 1.3660043091350729]}, "distal_marginal_ridge_width": {"start": [3.7397523520685416, 4.262877750396728, -2.1533077678711714], "end": [4.652167421482501, 4.262877750396728, -2.6164131179684667]}, "mesial_isthmus_width": {"width": 1.6019796624895846, "start": [-1.4580759832811654, 2.0073804655777554, -0.13606204812174477], "end": [-0.7330223567758201, 2.0073804655777554, 1.2924462919735062]}, "distal_isthmus_width": {"width": 1.6290460652728243, "start": [2.2299838165647454, 2.0073804655777554, -1.991203681641034], "end": [2.967287656948552, 2.0073804655777554, -0.5385598403171666]}, "buccal_lingual_width": {"start": [0.1988498152303217, 2.0073804655777554, -1.4289971731966875], "end": [1.7852057929450593, 2.0073804655777554, 1.6964581885644097]}, "cavity_depth": {"start": [1.222910864494874, 1.0073804655777556, -0.4928492534953485], "end": [1.222910864494874, 4.471574821472166, -0.4928492534953485]}}