{"mesio_distal_width": {"start": [-3.383183693809999, 4.171133708953857, -0.38252241667383247], "end": [4.178848880526962, 4.171133708953857, -0.4248277847074743]}, "mesial_marginal_ridge_width": {"start": [-5.311052862434922, 4.171133708953857, -0.3717370605017137], "end": [-3.383183693809999, 4.171133708953857, -0.38252241667383247]}, "distal_marginal_ridge_width": {"start": [4.178848880526962, 4.171133708953857, -0.4248277847074743], "end": [5.484704181430771, 4.171133708953857, -0.43213331910716735]}, "mesial_isthmus_width": {"width": 1.8042301531458935, "start": [-2.052968259878798, 2.7476781112690496, -0.8661436001837605], "end": [-2.042874753210473, 2.7476781112690496, 0.9380583194039531]}, "distal_isthmus_width": {"width": 1.710346737893846, "start": [1.715048652499226, 2.7476781112690496, -0.8287289332863755], "end": [1.724616941874048, 2.7476781112690496, 0.881591040187173]}, "buccal_lingual_width": {"start": [-0.09635728713989664, 2.7476781112690496, -1.8492534774716192], "end": [-0.07293194525707396, 2.7476781112690496, 2.337997611846838]}, "cavity_depth": {"start": [-0.13507788319121536, 1.7476781112690494, -0.14817361742073082], "end": [-0.13507788319121536, 4.396015567779541, -0.14817361742073082]}}