{"mesio_distal_width": {"start": [-2.9803991160481154, 4.111980819702148, -1.2029684997735441], "end": [3.785295680831088, 4.111980819702148, 0.631490815709493]}, "mesial_marginal_ridge_width": {"start": [-4.9779776003230864, 4.111980819702148, -1.7445945365520592], "end": [-2.9803991160481154, 4.111980819702148, -1.2029684997735441]}, "distal_marginal_ridge_width": {"start": [3.785295680831088, 4.111980819702148, 0.631490815709493], "end": [5.315415747112917, 4.111980819702148, 1.046369567067443]}, "mesial_isthmus_width": {"width": 1.358401782821641, "start": [-2.2513816822311514, 2.8849592895218823, -1.2763792138883632], "end": [-2.6068650931944606, 2.8849592895218823, 0.034684075241076195]}, "distal_isthmus_width": {"width": 2.231495205961722, "start": [2.1999933080656144, 2.8849592895218823, -0.3439928273546222], "end": [1.6160279913271425, 2.8849592895218823, 1.8097377414669944]}, "buccal_lingual_width": {"start": [0.2044523951879196, 2.8849592895218823, -1.228893823254075], "end": [-0.5654046485235349, 2.8849592895218823, 1.610426597219734]}, "cavity_depth": {"start": [0.0013048727270941456, 1.884959289521882, 0.1411439802810586], "end": [0.0013048727270941456, 4.289291896820068, 0.1411439802810586]}}