{"mesio_distal_width": {"start": [-1.3061413264833865, 5.501116871833801, -3.587515561802168], "end": [0.065390822775106, 5.501116871833801, 3.2262423748776103]}, "mesial_marginal_ridge_width": {"start": [-1.6712778390134801, 5.501116871833801, -5.401510087244821], "end": [-1.3061413264833865, 5.501116871833801, -3.587515561802168]}, "distal_marginal_ridge_width": {"start": [0.065390822775106, 5.501116871833801, 3.2262423748776103], "end": [0.396579309080326, 5.501116871833801, 4.871583447136972]}, "mesial_isthmus_width": {"width": 1.4880642732364795, "start": [-1.3416216929054465, 5.056255904265813, -1.9189075279712995], "end": [0.11718274050145883, 5.056255904265813, -2.212548305717118]}, "distal_isthmus_width": {"width": 1.433848638050886, "start": [-0.5072735263492736, 5.056255904265813, 1.4083939552040035], "end": [0.8983813150734781, 5.056255904265813, 1.1254515871762387]}, "buccal_lingual_width": {"start": [-1.1658065159360604, 5.056255904265813, -0.20313078853217897], "end": [0.7034435569656486, 5.056255904265813, -0.5793896157187721]}, "cavity_depth": {"start": [-0.10399964682957423, 4.056255904265813, -0.0161081962287426], "end": [-0.10399964682957423, 5.665205955505371, -0.0161081962287426]}}