{"mesio_distal_width": {"start": [-2.805917059429032, 3.744421076774597, -2.0075351532476926], "end": [3.959149061389743, 3.744421076774597, 2.035004922790334]}, "mesial_marginal_ridge_width": {"start": [-4.512070738700372, 3.744421076774597, -3.0270661528204443], "end": [-2.805917059429032, 3.744421076774597, -2.0075351532476926]}, "distal_marginal_ridge_width": {"start": [3.959149061389743, 3.744421076774597, 2.035004922790334], "end": [4.849593359330188, 3.744421076774597, 2.567099760537187]}, "mesial_isthmus_width": {"width": 1.3420808688674246, "start": [-0.7058046020811536, 2.471408301338726, -1.0041537529982625], "end": [-1.394232361117924, 2.471408301338726, 0.14790886646630108]}, "distal_isthmus_width": {"width": 1.2941868545877597, "start": [2.5477815749462907, 2.471408301338726, 0.5895681356708257], "end": [1.8839213138052688, 2.471408301338726, 1.700517805217351]}, "buccal_lingual_width": {"start": [0.7794833633260833, 2.471408301338726, -0.686572884449076], "end": [-0.7706956510160078, 2.471408301338726, 1.9076038791386287]}, "cavity_depth": {"start": [-0.13686439634956335, 1.471408301338726, 0.40899511553620393], "end": [-0.13686439634956335, 3.903665037155152, 0.40899511553620393]}}