{"mesio_distal_width": {"start": [-3.420962570155453, 3.843905878067016, -2.972547066682124], "end": [4.24121629436918, 3.843905878067016, 1.9289298429815536]}, "mesial_marginal_ridge_width": {"start": [-4.31696243570289, 3.843905878067016, -3.5457159693784446], "end": [-3.420962570155453, 3.843905878067016, -2.972547066682124]}, "distal_marginal_ridge_width": {"start": [4.24121629436918, 3.843905878067016, 1.9289298429815536], "end": [5.06411314908908, 3.843905878067016, 2.455334930067013]}, "mesial_isthmus_width": {"width": 2.176984188465162, "start": [-0.23511455570063014, 2.5619126866515884, -1.4134698708348292], "end": [-1.4082323973432218, 2.5619126866515884, 0.420393451893216]}, "distal_isthmus_width": {"width": 1.4360270414093201, "start": [3.2554641379551805, 2.5619126866515884, 0.593458071203485], "end": [2.4816280429184907, 2.5619126866515884, 1.803148676968931]}, "buccal_lingual_width": {"start": [0.8678983486561334, 2.5619126866515884, -1.5482388691538322], "end": [-1.0303848674491323, 2.5619126866515884, 1.4192311006927951]}, "cavity_depth": {"start": [0.22566421068090403, 1.5619126866515884, 0.054958859774479084], "end": [0.22566421068090403, 4.092321166992187, 0.054958859774479084]}}