{"mesio_distal_width": {"start": [-3.0651559504305412, 3.9381072998046873, -2.3579370381628464], "end": [3.9884644985525664, 3.9381072998046873, 1.1845600646698333]}, "mesial_marginal_ridge_width": {"start": [-4.628849041433023, 3.9381072998046873, -3.14326115429024], "end": [-3.0651559504305412, 3.9381072998046873, -2.3579370381628464]}, "distal_marginal_ridge_width": {"start": [3.9884644985525664, 3.9381072998046873, 1.1845600646698333], "end": [5.047991337126067, 3.9381072998046873, 1.7166798155363836]}, "mesial_isthmus_width": {"width": 1.5225742779372942, "start": [-0.6541079895055399, 2.6947559975442434, -1.3083015618786176], "end": [-1.3374435872126555, 2.6947559975442434, 0.052317742975804604]}, "distal_isthmus_width": {"width": 1.167567443563133, "start": [3.187946262013133, 2.6947559975442434, 0.4141344367194758], "end": [2.663938725256729, 2.6947559975442434, 1.4575086920521607]}, "buccal_lingual_width": {"start": [0.9303951402134207, 2.6947559975442434, -1.3321758071789425], "end": [-0.45916562702863206, 2.6947559975442434, 1.434639227076329]}, "cavity_depth": {"start": [0.3558711589319587, 1.6947559975442432, -0.026450904937727112], "end": [0.3558711589319587, 4.169664497375488, -0.026450904937727112]}}