{"mesio_distal_width": {"start": [-2.4947823061827314, 4.016857147216797, -1.604926035007356], "end": [4.270639169465367, 4.016857147216797, 0.8245502566174135]}, "mesial_marginal_ridge_width": {"start": [-4.807492909630597, 4.016857147216797, -2.4354250069768084], "end": [-2.4947823061827314, 4.016857147216797, -1.604926035007356]}, "distal_marginal_ridge_width": {"start": [4.270639169465367, 4.016857147216797, 0.8245502566174135], "end": [5.434308611078894, 4.016857147216797, 1.2424262647662587]}, "mesial_isthmus_width": {"width": 1.4761248961258002, "start": [-1.812178669960672, 4.48619299585169, -1.6690119535750065], "end": [-2.311066309311516, 4.48619299585169, -0.2797474603033523]}, "distal_isthmus_width": {"width": 0.7989059815476092, "start": [2.833684928884935, 4.48619299585169, 0.5239131030696471], "end": [2.5636777497880865, 4.48619299585169, 1.2758086347685071]}, "buccal_lingual_width": {"start": [0.6858755315951368, 4.48619299585169, -1.0946001315307496], "end": [-0.07928400574766992, 4.48619299585169, 1.0361581656716476]}, "cavity_depth": {"start": [0.7780869940523355, 3.48619299585169, -0.03694096979928541], "end": [0.7780869940523355, 4.181504678726197, -0.03694096979928541]}}