{"mesio_distal_width": {"start": [-3.145198115273074, 2.8046411633491513, 1.470720864017291], "end": [3.757072709945302, 2.8046411633491513, -0.9466403422582473]}, "mesial_marginal_ridge_width": {"start": [-4.726619151130871, 2.8046411633491513, 2.0245771179480063], "end": [-3.145198115273074, 2.8046411633491513, 1.470720864017291]}, "distal_marginal_ridge_width": {"start": [3.757072709945302, 2.8046411633491513, -0.9466403422582473], "end": [5.151425261748682, 2.8046411633491513, -1.4349801730115779]}, "mesial_isthmus_width": {"width": 2.274559366974012, "start": [-2.6991468644702037, 0.1220860338850902, 0.6339147947523442], "end": [-1.9473112140841684, 0.1220860338850902, 2.7806247119740046]}, "distal_isthmus_width": {"width": 1.7935100275780154, "start": [2.708502716599945, 0.1220860338850902, -1.0754028496108536], "end": [3.301331726753189, 0.1220860338850902, 0.617296764539164]}, "buccal_lingual_width": {"start": [-0.37277873292230423, 0.1220860338850902, -0.9105188505403512], "end": [0.7196774351133199, 0.1220860338850902, 2.2087619242511805]}, "cavity_depth": {"start": [-0.1657394410022067, -0.8779139661149098, -0.13742728089484832], "end": [-0.1657394410022067, 3.107398567199707, -0.13742728089484832]}}