{"mesio_distal_width": {"start": [-3.979384510437382, 2.2560093879699705, -0.4724556034116562], "end": [4.554607198362954, 2.2560093879699705, 0.2502391519845176]}, "mesial_marginal_ridge_width": {"start": [-5.285018748498536, 2.2560093879699705, -0.5830222700442769], "end": [-3.979384510437382, 2.2560093879699705, -0.4724556034116562]}, "distal_marginal_ridge_width": {"start": [4.554607198362954, 2.2560093879699705, 0.2502391519845176], "end": [5.646327965043262, 2.2560093879699705, 0.3426907150231064]}, "mesial_isthmus_width": {"width": 1.5363130229796897, "start": [-2.887280340790964, 1.3091695680801176, -0.5204899871487406], "end": [-3.016917856807772, 1.3091695680801176, 1.0103437134921827]}, "distal_isthmus_width": {"width": 1.5875362941880364, "start": [3.6723227604962636, 1.3091695680801176, -0.19731100965310971], "end": [3.5383629107216996, 1.3091695680801176, 1.3845632723341343]}, "buccal_lingual_width": {"start": [0.3340593037782451, 1.3091695680801176, -0.8566696768214598], "end": [0.10721995942334767, 1.3091695680801176, 1.8219786314718376]}, "cavity_depth": {"start": [0.27971907028025267, 0.30916956808011764, 0.4275698608106825], "end": [0.27971907028025267, 2.4188802242279053, 0.4275698608106825]}}