{"mesio_distal_width": {"start": [-2.6664867448325564, 2.1789528608322146, 0.23636835042679205], "end": [3.36153489743889, 2.1789528608322146, -0.2454326072100366]}, "mesial_marginal_ridge_width": {"start": [-5.026697737706439, 2.1789528608322146, 0.42501264934857086], "end": [-2.6664867448325564, 2.1789528608322146, 0.23636835042679205]}, "distal_marginal_ridge_width": {"start": [3.36153489743889, 2.1789528608322146, -0.2454326072100366], "end": [4.427230158030108, 2.1789528608322146, -0.3306103035708615]}, "mesial_isthmus_width": {"width": 1.3901767627844719, "start": [-1.5037000461454653, 1.7608901121707141, -0.11478272745289064], "end": [-1.392940774795612, 1.7608901121707141, 1.2709747605643897]}, "distal_isthmus_width": {"width": 1.394788882180968, "start": [2.5645394634641674, 1.7608901121707141, -0.4447081477596315], "end": [2.675666195267547, 1.7608901121707141, 0.9456467980489321]}, "buccal_lingual_width": {"start": [0.7962325645001199, 1.7608901121707141, -0.8111157910466645], "end": [0.9902291893451373, 1.7608901121707141, 1.616060482801385]}, "cavity_depth": {"start": [0.26200654540965657, 0.7608901121707141, 0.31713831106992973], "end": [0.26200654540965657, 2.3334206485748292, 0.31713831106992973]}}