{"mesio_distal_width": {"start": [-4.000338453783047, 2.6398331642150876, -2.3281923387472654], "end": [4.24051255820775, 2.6398331642150876, -1.6975120930592267]}, "mesial_marginal_ridge_width": {"start": [-5.150734430737629, 2.6398331642150876, -2.4162332481543842], "end": [-4.000338453783047, 2.6398331642150876, -2.3281923387472654]}, "distal_marginal_ridge_width": {"start": [4.24051255820775, 2.6398331642150876, -1.6975120930592267], "end": [4.929750339265627, 2.6398331642150876, -1.6447640634610008]}, "mesial_isthmus_width": {"width": 1.8175595719178916, "start": [-2.1552485943604367, 2.1950896929783426, -2.5030192539049536], "end": [-2.2939426031155414, 2.1950896929783426, -0.690759126493387]}, "distal_isthmus_width": {"width": 1.7296067809988218, "start": [2.7408796120277645, 2.1950896929783426, -2.1474522430794782], "end": [2.608897089015542, 2.1950896929783426, -0.42288846330894336]}, "buccal_lingual_width": {"start": [0.0033085972909844413, 2.1950896929783426, -2.642568549690351], "end": [-0.19479295401628727, 2.1950896929783426, -0.05405340159580696]}, "cavity_depth": {"start": [-0.12733046624269692, 1.1950896929783426, -1.4445704899775753], "end": [-0.12733046624269692, 2.906550540924071, -1.4445704899775753]}}