{"mesio_distal_width": {"start": [0.9712018257956412, 5.5465202808380125, -5.103722593286065], "end": [-1.2999103729315604, 5.5465202808380125, -2.1549536265775355]}, "mesial_marginal_ridge_width": {"start": [-2.97479076702214, 5.5465202808380125, 0.019679283153089422], "end": [-1.2999103729315604, 5.5465202808380125, -2.1549536265775355]}, "distal_marginal_ridge_width": {"start": [0.9712018257956412, 5.5465202808380125, -5.103722593286065], "end": [1.415147911908587, 5.5465202808380125, -5.680133764145532]}, "mesial_isthmus_width": {"width": 1.2324160816718468, "start": [-0.37197412645556927, -0.16478025913238525, -3.9233092577313795], "end": [0.6044156509105241, -0.16478025913238525, -3.1713036719686283]}, "distal_isthmus_width": {"width": 0.6156791189315962, "start": [-3.551262790614757, -0.16478025913238525, -2.3461059527700163], "end": [-3.063486943802464, -0.16478025913238525, -1.9704259017226702]}, "buccal_lingual_width": {"start": [-2.8725798702512066, -0.16478025913238525, -4.902521520598385], "end": [3.3219871861508246, -0.16478025913238525, -0.131528280211739]}, "cavity_depth": {"start": [-0.32235092790040765, -1.1647802591323853, -0.7615802884570163], "end": [-0.32235092790040765, 5.592721538543701, -0.7615802884570163]}}