{"mesio_distal_width": {"start": [-3.748862629768243, 3.0925678730010984, -2.503812702699517], "end": [4.151265950481256, 3.0925678730010984, -1.4726033124820166]}, "mesial_marginal_ridge_width": {"start": [-4.512505554002747, 3.0925678730010984, -2.6034915555491382], "end": [-3.748862629768243, 3.0925678730010984, -2.503812702699517]}, "distal_marginal_ridge_width": {"start": [4.151265950481256, 3.0925678730010984, -1.4726033124820166], "end": [4.918812030626966, 3.0925678730010984, -1.3724149779212778]}, "mesial_isthmus_width": {"width": 1.4357489622724569, "start": [-1.8212806633106187, 1.0917286419869534, -2.298192669552693], "end": [-2.0071135458588567, 1.0917286419869534, -0.8745209298492422]}, "distal_isthmus_width": {"width": 1.3451856494558785, "start": [2.5724297585222162, 1.0917286419869534, -1.6955628879651685], "end": [2.398318731198018, 1.0917286419869534, -0.36169266126912825]}, "buccal_lingual_width": {"start": [0.09789284557905817, 1.0917286419869534, -2.4020142693089683], "end": [-0.18665832174693966, 1.0917286419869534, -0.22205854852045737]}, "cavity_depth": {"start": [0.05593892459225861, 0.09172864198695342, -1.437035010816171], "end": [0.05593892459225861, 3.4145322227478028, -1.437035010816171]}}