{"mesio_distal_width": {"start": [-2.7262297595847094, 1.0355101287364958, -3.49328882367875], "end": [-0.1553399187761384, 1.0355101287364958, -3.5328967534450237]}, "mesial_marginal_ridge_width": {"start": [-4.965585041082533, 1.0355101287364958, -3.4587886186122407], "end": [-2.7262297595847094, 1.0355101287364958, -3.49328882367875]}, "distal_marginal_ridge_width": {"start": [-0.1553399187761384, 1.0355101287364958, -3.5328967534450237], "end": [4.217210144646123, 1.0355101287364958, -3.6002616218506946]}, "mesial_isthmus_width": {"width": 1.3549135652393784, "start": [-2.113481850772029, 1.148217988207724, -3.5842886361730066], "end": [-2.0926101071593086, 1.148217988207724, -2.2295358396864122]}, "distal_isthmus_width": {"width": 1.1771154966785542, "start": [-1.0350156202719432, 1.148217988207724, -3.600540645438042], "end": [-1.0168827640665405, 1.148217988207724, -2.4235648206877487]}, "buccal_lingual_width": {"start": [-1.7425493776247412, 1.148217988207724, -3.71931140097085], "end": [-1.7187819913120579, 1.148217988207724, -2.1766068876468645]}, "cavity_depth": {"start": [-1.7792001784513125, 0.14821798820772397, -1.2972295123678415], "end": [-1.7792001784513125, 1.2514959836006163, -1.2972295123678415]}}