{"mesio_distal_width": {"start": [-1.0191036234639541, 3.0814968824386595, -0.0800183914745318], "end": [2.4319444513448816, 3.0814968824386595, -0.9858272401893966]}, "mesial_marginal_ridge_width": {"start": [-1.9865237336845367, 3.0814968824386595, 0.17390380180324644], "end": [-1.0191036234639541, 3.0814968824386595, -0.0800183914745318]}, "distal_marginal_ridge_width": {"start": [2.4319444513448816, 3.0814968824386595, -0.9858272401893966], "end": [4.0843591039904386, 3.0814968824386595, -1.419542384593856]}, "mesial_isthmus_width": {"width": 1.5384740619236346, "start": [-2.7353159582704945, 1.8399067513967275, -0.0887721583479757], "end": [-2.3447370918650106, 1.8399067513967275, 1.3992972581542298]}, "distal_isthmus_width": {"width": 1.807369898135828, "start": [1.1374878374312103, 1.8399067513967275, -1.187258885481394], "end": [1.596332418214482, 1.8399067513967275, 0.5608965994149974]}, "buccal_lingual_width": {"start": [-2.7618565644798565, 1.8399067513967275, -1.8395734590999786], "end": [-1.7271459688236437, 1.8399067513967275, 2.1025783692795676]}, "cavity_depth": {"start": [-2.9229291261761716, 0.8399067513967277, 0.349324497114932], "end": [-2.9229291261761716, 3.1799497509002683, 0.349324497114932]}}