{"mesio_distal_width": {"start": [-3.7215045915613847, 2.9726953029632566, -0.6173767490955342], "end": [3.6628877146127445, 2.9726953029632566, 0.2543694242503924]}, "mesial_marginal_ridge_width": {"start": [-4.821686642296358, 2.9726953029632566, -0.7472560205299887], "end": [-3.7215045915613847, 2.9726953029632566, -0.6173767490955342]}, "distal_marginal_ridge_width": {"start": [3.6628877146127445, 2.9726953029632566, 0.2543694242503924], "end": [4.545510544226949, 2.9726953029632566, 0.3585652798227755]}, "mesial_isthmus_width": {"width": 1.6435048355087956, "start": [-1.611081144733213, 1.3041124608225232, -0.673730685895566], "end": [-1.8037630436471574, 1.3041124608225232, 0.9584402090084295]}, "distal_isthmus_width": {"width": 1.504049104425389, "start": [1.2393886897969435, 1.3041124608225232, -0.20652320994127218], "end": [1.0630563594994273, 1.3041124608225232, 1.287153668709081]}, "buccal_lingual_width": {"start": [0.13652880716366317, 1.3041124608225232, -0.9331199307093209], "end": [-0.1597127031097938, 1.3041124608225232, 1.5762842928118879]}, "cavity_depth": {"start": [-0.06350817564983614, 0.30411246082252313, 0.359651947038225], "end": [-0.06350817564983614, 3.179930486679077, 0.359651947038225]}}