{
    "  1536 2040 brown 0.85": {
        "projection_type": "brown",
        "width": 1536,
        "height": 2040,
        "focal_x": 0.8858264254443914,
        "focal_y": 0.8858264254443914,
        "c_x": -0.0069136918361515165,
        "c_y": -0.009320306691865727,
        "k1": -0.008058010598201753,
        "k2": -0.042818364296317586,
        "p1": -0.0015258803556785026,
        "p2": -1.8964287373212432e-05,
        "k3": -0.023670202290395258
    },
    "  2040 1536 brown 0.85": {
        "projection_type": "brown",
        "width": 2040,
        "height": 1536,
        "focal_x": 0.868319051582571,
        "focal_y": 0.868319051582571,
        "c_x": -0.00036582801734156645,
        "c_y": -0.0002718238656218507,
        "k1": 0.026623150085167562,
        "k2": -0.12003803467548582,
        "p1": -0.0021503362157227405,
        "p2": 0.0002824037895104446,
        "k3": -0.06872469820026587
    }
}