{
    "  1536 2040 brown 0.85": {
        "projection_type": "brown",
        "width": 1536,
        "height": 2040,
        "focal_x": 0.8599381274353534,
        "focal_y": 0.8599381274353534,
        "c_x": -0.005704643262789315,
        "c_y": 0.00507247678592346,
        "k1": 0.014275673080678833,
        "k2": -0.07546618451988349,
        "p1": 0.0027459587021390953,
        "p2": 0.0011751567387675806,
        "k3": -0.05359923365296252
    },
    "  2040 1536 brown 0.85": {
        "projection_type": "brown",
        "width": 2040,
        "height": 1536,
        "focal_x": 0.8784033466063851,
        "focal_y": 0.8784033466063851,
        "c_x": 0.003074349746380998,
        "c_y": -0.00987999199184867,
        "k1": 0.020613882013900277,
        "k2": -0.11210051462877173,
        "p1": -0.0034803689793140736,
        "p2": 0.0014339878573675843,
        "k3": -0.06402094364350829
    }
}