{
    "  1536 2040 brown 0.85": {
        "projection_type": "brown",
        "width": 1536,
        "height": 2040,
        "focal_x": 0.8857400062457949,
        "focal_y": 0.8857400062457949,
        "c_x": -0.007098161095290256,
        "c_y": -0.00970679706336304,
        "k1": -0.00676960781747727,
        "k2": -0.04328400944186206,
        "p1": -0.001992859064059938,
        "p2": -0.00013351614797629214,
        "k3": -0.024007825209316696
    },
    "  2040 1536 brown 0.85": {
        "projection_type": "brown",
        "width": 2040,
        "height": 1536,
        "focal_x": 0.8684789254910813,
        "focal_y": 0.8684789254910813,
        "c_x": -0.0001986127361839437,
        "c_y": -0.0006537707854136779,
        "k1": 0.026563616084475924,
        "k2": -0.11960475671339924,
        "p1": -0.0022558966710040625,
        "p2": 0.0003438788497145761,
        "k3": -0.06859021036356142
    }
}