{
    "  1536 2040 brown 0.85": {
        "projection_type": "brown",
        "width": 1536,
        "height": 2040,
        "focal_x": 0.8951947171789201,
        "focal_y": 0.8951947171789201,
        "c_x": -0.0012588162283750741,
        "c_y": -0.0013357793752026136,
        "k1": 0.0012674128362809133,
        "k2": -0.09468770708128249,
        "p1": -0.0008976788471298729,
        "p2": 0.001062639179972777,
        "k3": -0.05807053874616623
    },
    "  2040 1536 brown 0.85": {
        "projection_type": "brown",
        "width": 2040,
        "height": 1536,
        "focal_x": 0.882168121397221,
        "focal_y": 0.882168121397221,
        "c_x": 0.00408500620129172,
        "c_y": -0.008819500312487521,
        "k1": 0.03008066595593881,
        "k2": -0.13582764335269462,
        "p1": -0.00016700585918612136,
        "p2": 0.0012831547459606855,
        "k3": -0.07246441744472025
    }
}